
{
  "version": 2,
  "builds": [
    {
      "src": "package.json",
      "use": "@vercel/next"
    }
  ],
  "functions": {
    "app/api/**/*.js": {
      "maxDuration": 30
    }
  },
  "env": {
    "PRISMA_GENERATE_DATAPROXY": "true"
  },
  "installCommand": "yarn install && npx prisma generate",
  "buildCommand": "yarn build",
  "outputDirectory": ".next",
  "regions": ["arn1", "bom1", "cdg1", "cle1", "cpt1", "dub1", "fra1", "gru1", "hkg1", "hnd1", "iad1", "icn1", "kix1", "lhr1", "pdx1", "sfo1", "sin1", "syd1"]
}
